"","cell.type","patient_1","patient_10","patient_11","patient_2","patient_3","patient_4","patient_5","patient_6","patient_7","patient_8","patient_9"
"1","epithelial_cancer_cells",15.0611117772778,19.9769138090909,51.0946880916686,17.0585532572797,1.60634362873014,24.3138645745832,44.5014472228183,2.58823085504434,38.1473192296857,47.9553509171257,17.5251892855673
"2","fibroblast",23.3674536054115,57.8522250976492,23.2495606332267,50.6685347427595,56.2944679813558,55.0251237716437,27.7989933757301,46.9411366485364,47.9367208126448,17.1891956775335,33.6260662677627
"3","macrophages",61.5714346173108,22.1708610932599,25.6557512751046,32.2729119999608,42.099188389914,20.6610116537731,27.6995594014515,50.4706324964192,13.9159599576695,34.8554534053408,48.84874444667
