"","cell.type","patient_1","patient_2","patient_3","patient_4","patient_5","patient_6","patient_7","patient_8","patient_9","patient_10","patient_11"
"1","epithelial_cancer_cells",15.0330138762754,21.6256641485302,2.13608669280004,41.6942073988166,49.2710023525911,2.02957541963394,16.5948873118182,57.4831203838989,27.0288021667091,12.4870147669254,48.8010635969052
"2","fibroblast",72.8325002673179,59.2098873711671,81.8361966380688,50.8935671300099,41.502584587903,82.6746967703541,75.7309695614529,26.7386273613836,37.3675457076597,77.0476037884229,22.7936617202237
"3","macrophages",12.1344858564067,19.1644484803027,16.0277166691311,7.41222547117352,9.22641305950589,15.2957278100119,7.67414312672883,15.7782522547175,35.6036521256312,10.4653814446517,28.405274682871
