"","cell.type","patient_1","patient_2","patient_3","patient_4","patient_5","patient_6","patient_7","patient_8","patient_9","patient_10","patient_11"
"1","epithelial_cancer_cells",55.1533874910135,37.472988338945,11.3969881345732,82.3444231975764,80.8558550269043,5.38436332600365,49.4655616658094,82.2274887763162,56.6843653586111,39.2941620235858,75.1051117249276
"2","fibroblast",33.7014074603185,43.2077467339805,61.4056419172361,12.0193583083519,12.8760820408223,73.557859254731,45.0858037645976,9.02231011090518,17.3635755052158,46.4279913578646,9.95929320320026
"3","macrophages",11.145205048668,19.3192649270745,27.1973699481907,5.63621849407177,6.26806293227345,21.0577774192653,5.44863456959294,8.75020111277859,25.952059136173,14.2778466185496,14.9355950718721
