"","cell.type","patient_1","patient_2","patient_3","patient_4","patient_5","patient_6","patient_7","patient_8","patient_9","patient_10","patient_11"
"1","epithelial_cancer_cells",36.5630495674231,29.5082377996973,5.42576407485005,60.515703264388,68.8285069564196,5.68356163738876,64.0446936684302,71.3315300035759,31.9323862769819,37.5587099598186,73.6484546011514
"2","fibroblast",18.2456425656717,38.3166863339052,45.2436984558033,26.314741870863,13.7079078123703,54.9830377312127,26.1620512083303,6.31337596835174,23.3003482722801,39.7509738147525,9.68493062347841
"3","macrophages",45.1913078669052,32.1750758663976,49.3305374693466,13.169554864749,17.4635852312101,39.3334006313985,9.79325512323955,22.3550940280723,44.767265450738,22.6903162254289,16.6666147753702
